角色,危机,要素,农思,策略,得票数
科技公司,碳排放,环境与原料,退耕政策,测试gpt-退耕政策不仅是环境保护的手段，更是农业转型升级的契机。通过生态恢复、低碳农业、产业调整的综合策略，可以有效应对碳排放危机，实现人与自然的和谐共生。,4.0
科技公司,监控危机,伦理与安全协议,农神祭祀,"The concept of ""Yaji,"" translated as ""elegant gathering,"" epitomizes the traditional Chinese art of connoisseurship through social gatherings. Yaji involves the assembly of literati—scholars and artists—within private gardens where art, poetry, and nature are collectively appreciated. This interaction is markedly participatory and intimate, facilitating not merely the observation but also the direct engagement with artworks. ",1.0
科技公司,算法歧视,算法,协同驯化,"The concept of ""Yaji,"" translated as ""elegant gathering,"" epitomizes the traditional Chinese art of connoisseurship through social gatherings. Yaji involves the assembly of literati—scholars and artists—within private gardens where art, poetry, and nature are collectively appreciated. This interaction is markedly participatory and intimate, facilitating not merely the observation but also the direct engagement with artworks. ",0.0
科技公司,电子废弃物,经济,循环农业,"The concept of ""Yaji,"" translated as ""elegant gathering,"" epitomizes the traditional Chinese art of connoisseurship through social gatherings. Yaji involves the assembly of literati—scholars and artists—within private gardens where art, poetry, and nature are collectively appreciated. This interaction is markedly participatory and intimate, facilitating not merely the observation but also the direct engagement with artworks. ",6.0
科技公司,算法歧视,环境与原料,种子保存,"The concept of ""Yaji,"" translated as ""elegant gathering,"" epitomizes the traditional Chinese art of connoisseurship through social gatherings. Yaji involves the assembly of literati—scholars and artists—within private gardens where art, poetry, and nature are collectively appreciated. This interaction is markedly participatory and intimate, facilitating not merely the observation but also the direct engagement with artworks. ",4.0
科技公司,碳排放,基础设施与算力,混作/间作,若游戏提前结束，请跳过本轮输入——点击Next,2.0
科技公司,水危机,环境与原料,循环农业,若游戏提前结束，请跳过本轮输入——点击Next,4.0
科技公司,水危机,基础设施与算力,生态缓冲带,若游戏提前结束，请跳过本轮输入——点击Next,2.0
科技公司,电子废弃物,废弃物,盐碱地改良,若游戏提前结束，请跳过本轮输入——点击Next,1.0
科技公司,算法歧视,基础设施与算力,协同驯化,若游戏提前结束，请跳过本轮输入——点击Next,4.0
政策制定者,创意窘境,伦理与安全协议,生态缓冲带,"玩家收回投票箱中种子，即本回合策略获得投票数。
",3.0
政策制定者,劳动替代,数据与数据处理,关怀伦理,"玩家收回投票箱中种子，即本回合策略获得投票数。
",1.0
政策制定者,数据代谢断裂,废弃物,循环农业,"玩家收回投票箱中种子，即本回合策略获得投票数。
",2.0
政策制定者,监控危机,伦理与安全协议,退耕政策,"玩家收回投票箱中种子，即本回合策略获得投票数。
",5.0
皇天后土,碳排放,经济,休耕/轮牧,"玩家收回投票箱中种子，即本回合策略获得投票数。
",2.0
皇天后土,算法歧视,数据与数据处理,种子保存,"玩家收回投票箱中种子，即本回合策略获得投票数。
",3.0
皇天后土,监控危机,废弃物,生态缓冲带,"玩家收回投票箱中种子，即本回合策略获得投票数。
",3.0
政策制定者,创意窘境,伦理与安全协议,生态缓冲带,"玩家收回投票箱中种子，即本回合策略获得投票数。
",3.0
政策制定者,劳动替代,数据与数据处理,关怀伦理,"玩家收回投票箱中种子，即本回合策略获得投票数。
",1.0
政策制定者,数据代谢断裂,废弃物,循环农业,"玩家收回投票箱中种子，即本回合策略获得投票数。
",2.0
政策制定者,监控危机,伦理与安全协议,退耕政策,"玩家收回投票箱中种子，即本回合策略获得投票数。
",5.0
黑客,碳排放,基础设施与算力,混作/间作,若游戏提前结束，请跳过本轮输入——点击Next,2.0
黑客,水危机,环境与原料,循环农业,若游戏提前结束，请跳过本轮输入——点击Next,4.0
黑客,水危机,基础设施与算力,生态缓冲带,若游戏提前结束，请跳过本轮输入——点击Next,2.0
黑客,电子废弃物,废弃物,盐碱地改良,若游戏提前结束，请跳过本轮输入——点击Next,1.0
黑客,算法歧视,基础设施与算力,协同驯化,若游戏提前结束，请跳过本轮输入——点击Next,4.0
数字劳工,碳排放,经济,休耕/轮牧,"玩家收回投票箱中种子，即本回合策略获得投票数。
",2.0
数字劳工,算法歧视,数据与数据处理,种子保存,"玩家收回投票箱中种子，即本回合策略获得投票数。
",3.0
数字劳工,监控危机,废弃物,生态缓冲带,"玩家收回投票箱中种子，即本回合策略获得投票数。
",3.0
用户,创意窘境,伦理与安全协议,生态缓冲带,"玩家收回投票箱中种子，即本回合策略获得投票数。
",3.0
用户,劳动替代,数据与数据处理,关怀伦理,"玩家收回投票箱中种子，即本回合策略获得投票数。
",1.0
用户,数据代谢断裂,废弃物,循环农业,"玩家收回投票箱中种子，即本回合策略获得投票数。
",2.0
用户,监控危机,伦理与安全协议,退耕政策,"玩家收回投票箱中种子，即本回合策略获得投票数。
",5.0
